,Biaryl,mole of Biaryl/mmol,Olefin,mole of Olefin/mmol,Product,Catalyst,Catalyst Concentration/%,TDG,TDG Concentration/%,Additive,Additive/eq,Solvent,Solvent Ratio,Volume of Solvent/ml,Reaction Time/h,Anode,Cathode,Current(mA),Temperature,Yield,ee,ddG(kcal/mol)
0,O=Cc1ccccc1-c1cccc2ccccc12,0.2,C=CC(=O)OCCCC,0.6,CCCCOC(=O)/C=C/c1ccc2ccccc2c1-c1ccccc1C=O,CC(=O)[O-].CC(=O)[O-].[Pd+2],10,CC(C)(C)[C@H](N)C(=O)O,20,CCCC[N+](CCCC)(CCCC)CCCC.F[P-](F)(F)(F)(F)F,2,CC(=O)O,,4.5,14,grahite felt,Pt,1.5,60,0.57,0.99,3.507522458
1,O=Cc1ccccc1-c1cccc2ccccc12,0.2,C=CC(=O)OCCCC,0.6,CCCCOC(=O)/C=C/c1ccc2ccccc2c1-c1ccccc1C=O,CC(=O)[O-].CC(=O)[O-].[Pd+2],10,CC(C)(C)[C@H](N)C(=O)O,20,CCCC[N+](CCCC)(CCCC)CCCC.F[P-](F)(F)(F)(F)F,2,CC(=O)O,,4.5,14,grahite felt,Pt,0,60,0.2,0.99,3.507522458
2,O=Cc1ccccc1-c1cccc2ccccc12,0.2,C=CC(=O)OCCCC,0.6,CCCCOC(=O)/C=C/c1ccc2ccccc2c1-c1ccccc1C=O,CC(=O)[O-].CC(=O)[O-].[Pd+2],5,CC(C)(C)[C@H](N)C(=O)O,10,CCCC[N+](CCCC)(CCCC)CCCC.F[P-](F)(F)(F)(F)F,2,CC(=O)O,,4.5,14,grahite felt,Pt,1.5,60,0.38,0.99,3.507522458
3,O=Cc1ccccc1-c1cccc2ccccc12,0.2,C=CC(=O)OCCCC,0.6,CCCCOC(=O)/C=C/c1ccc2ccccc2c1-c1ccccc1C=O,CC(=O)[O-].CC(=O)[O-].[Pd+2],5,CC(C)(C)[C@H](N)C(=O)O,10,CCCC[N+](CCCC)(CCCC)CCCC.F[P-](F)(F)(F)(F)F,2,CC(=O)O,,4.5,14,grahite felt,Pt,4,60,0.33,0.99,3.507522458
4,O=Cc1ccccc1-c1cccc2ccccc12,0.2,C=CC(=O)OCCCC,0.6,CCCCOC(=O)/C=C/c1ccc2ccccc2c1-c1ccccc1C=O,CC(=O)[O-].CC(=O)[O-].[Pd+2],10,CC(C)(C)[C@H](N)C(=O)O,20,CCCC[N+](CCCC)(CCCC)CCCC.F[P-](F)(F)(F)(F)F,2,CC(=O)O,,4.5,14,grahite felt,Pt,2,60,0.41,0.99,3.507522458
5,O=Cc1ccccc1-c1cccc2ccccc12,0.2,C=CC(=O)OCCCC,0.6,CCCCOC(=O)/C=C/c1ccc2ccccc2c1-c1ccccc1C=O,CC(=O)[O-].CC(=O)[O-].[Pd+2],10,CC(C)(C)[C@H](N)C(=O)O,20,CCCC[N+](CCCC)(CCCC)CCCC.F[P-](F)(F)(F)(F)F,2,CC(=O)O,,4.5,14,grahite felt,Pt,1.5,80,0.46,0.97,2.93931419
6,O=Cc1ccccc1-c1cccc2ccccc12,0.2,C=CC(=O)OCCCC,0.6,CCCCOC(=O)/C=C/c1ccc2ccccc2c1-c1ccccc1C=O,CC(=O)[O-].CC(=O)[O-].[Pd+2],10,N[C@@H](C(=O)O)c1ccccc1,20,CCCC[N+](CCCC)(CCCC)CCCC.F[P-](F)(F)(F)(F)F,2,CC(=O)O,,4.5,14,grahite felt,Pt,1.5,60,0.1,0.4,0.561448164
7,O=Cc1ccccc1-c1cccc2ccccc12,0.2,C=CC(=O)OCCCC,0.6,CCCCOC(=O)/C=C/c1ccc2ccccc2c1-c1ccccc1C=O,CC(=O)[O-].CC(=O)[O-].[Pd+2],10,CC(C)(C)[C@H](N)C(=O)O,20,CCCC[N+](CCCC)(CCCC)CCCC.F[P-](F)(F)(F)(F)F,2,CC(=O)O,,4.5,14,Pt,Pt,1.5,60,0.35,0.99,3.507522458
8,O=Cc1ccccc1-c1cccc2ccccc12,0.3,C=CC(=O)OCCCC,0.6,CCCCOC(=O)/C=C/c1ccc2ccccc2c1-c1ccccc1C=O,CC(=O)[O-].CC(=O)[O-].[Pd+2],10,CC(C)(C)[C@H](N)C(=O)O,20,CCCC[N+](CCCC)(CCCC)CCCC.F[P-](F)(F)(F)(F)F,2,CC(=O)O,,4.5,14,grahite felt,Pt,1.5,60,0.47,0.99,3.507522458
9,O=Cc1ccccc1-c1cccc2ccccc12,0.2,C=CC(=O)OCCCC,0.6,CCCCOC(=O)/C=C/c1ccc2ccccc2c1-c1ccccc1C=O,CC(=O)[O-].CC(=O)[O-].[Pd+2],10,CC(C)(C)[C@H](N)C(=O)O,20,CCCC[N+](CCCC)(CCCC)CCCC.F[P-](F)(F)(F)(F)F,2,CC(=O)O,,3,14,grahite felt,Pt,1.5,60,0.53,0.99,3.507522458
10,O=Cc1ccccc1-c1cccc2ccccc12,0.2,C=Cc1ccc(Br)cc1,0.6,O=Cc1ccccc1-c1c(/C=C/c2ccc(Br)cc2)ccc2ccccc12,CC(=O)[O-].CC(=O)[O-].[Pd+2],10,CC(C)(C)[C@H](N)C(=O)O,20,CCCC[N+](CCCC)(CCCC)CCCC.F[P-](F)(F)(F)(F)F,2,CC(=O)O,,4.5,18,grahite felt,Pt,1.5,60,0.36,0.99,3.507522458
11,O=Cc1ccccc1-c1cccc2ccccc12,0.2,C=Cc1ccc(Br)cc1,0.6,O=Cc1ccccc1-c1c(/C=C/c2ccc(Br)cc2)ccc2ccccc12,CC(=O)[O-].CC(=O)[O-].[Pd+2],10,CC(C)(C)[C@H](N)C(=O)O,20,O=C1C=CC(=O)C=C1,0.1,CC(=O)O.OC(C(F)(F)F)C(F)(F)F,1/4,4.5,24,grahite felt,Pt,1.5,60,0.64,0.99,3.507522458
12,O=Cc1ccccc1-c1cccc2ccccc12,0.2,C=CCCCCOC(C)=O,0.6,CC(=O)OCC/C=C/Cc1ccc2ccccc2c1-c1ccccc1C=O,CC(=O)[O-].CC(=O)[O-].[Pd+2],10,CC(C)(C)[C@H](N)C(=O)O,20,[Li]OC(C)=O,2,CC(=O)O,,4.5,14,grahite felt,Pt,1.5,60,0.3,0.84,1.618381589
13,O=Cc1ccccc1-c1cccc2ccccc12,0.2,C=CCCCCOC(C)=O,0.6,CC(=O)OCC/C=C/Cc1ccc2ccccc2c1-c1ccccc1C=O,CC(=O)[O-].CC(=O)[O-].[Pd+2],10,CC(C)(C)[C@H](N)C(=O)O,30,[Li]OC(C)=O,2,CC(=O)O,,4.5,14,grahite felt,Pt,1.5,60,0.32,0.84,1.618381589
14,O=Cc1ccccc1-c1cccc2ccccc12,0.2,C=CCc1ccc(OC)c(OC)c1,0.6,COc1ccc(/C=C/Cc2ccc3ccccc3c2-c2ccccc2C=O)cc1OC,CC(=O)[O-].CC(=O)[O-].[Pd+2],10,CC(C)(C)[C@H](N)C(=O)O,20,[Li]OC(C)=O,2,CC(=O)O,,4.5,14,grahite felt,Pt,1.5,60,0.35,0.9,1.95108466
15,O=Cc1ccccc1-c1cccc2ccccc12,0.2,C=CCc1ccc(OC)cc1,0.6,COc1ccc(/C=C/Cc2ccc3ccccc3c2-c2ccccc2C=O)cc1,CC(=O)[O-].CC(=O)[O-].[Pd+2],10,CC(C)(C)[C@H](N)C(=O)O,20,[Li]OC(C)=O,2,CC(=O)O,,4.5,14,grahite felt,Pt,1.5,60,0.37,0.95,2.427599614
16,O=Cc1ccccc1-c1cccc2ccccc12,0.2,C=CC(=O)OCCCC,0.6,CCCCOC(=O)/C=C/c1ccc2ccccc2c1-c1ccccc1C=O,CC(=O)[O-].CC(=O)[O-].[Pd+2],10,CC(C)(C)[C@H](N)C(=O)O,20,[Li]OC(C)=O,2,CC(=O)O,,4.5,24,grahite felt,Pt,1.5,60,0.68,0.97,2.772851543
17,O=Cc1ccccc1-c1cccc2ccccc12,0.2,C=CC(=O)OCCCC,0.6,CCCCOC(=O)/C=C/c1ccc2ccccc2c1-c1ccccc1C=O,CC(=O)[O-].CC(=O)[O-].[Pd+2],10,CC(C)(C)[C@H](N)C(=O)O,20,[Li]OC(C)=O,2,CC(=O)O.Cc1ccccc1,1/1,4.5,14,grahite felt,Pt,1.5,60,0.51,0.97,2.772851543
18,O=Cc1ccccc1-c1cccc2ccccc12,0.2,C=CC(=O)OCCCC,0.6,CCCCOC(=O)/C=C/c1ccc2ccccc2c1-c1ccccc1C=O,CC(=O)[O-].CC(=O)[O-].[Pd+2],10,CC(C)(C)[C@H](N)C(=O)O,20,[Li]OC(C)=O,2,CC(=O)O.ClCCCl,1/1,4.5,14,grahite felt,Pt,1.5,60,0.57,0.94,2.303380331
19,O=Cc1ccccc1-c1cccc2ccccc12,0.2,C=CC(=O)OCCCC,0.6,CCCCOC(=O)/C=C/c1ccc2ccccc2c1-c1ccccc1C=O,CC(=O)[O-].CC(=O)[O-].[Pd+2],10,CC(C)(C)[C@H](N)C(=O)O,20,[Li]OC(C)=O,2,CC#N.CC(=O)O,1/1,4.5,14,grahite felt,Pt,1.5,60,0.5,0.97,2.772851543
20,O=Cc1ccccc1-c1cccc2ccccc12,0.2,C=CC(=O)OCCCC,0.6,CCCCOC(=O)/C=C/c1ccc2ccccc2c1-c1ccccc1C=O,CC(=O)[O-].CC(=O)[O-].[Pd+2],10,CC(C)(C)[C@H](N)C(=O)O,20,[Li]OC(C)=O,2,CC(=O)O,,4.5,24,grahite felt,Pt,2,60,0.64,0.96,2.578851502
21,O=Cc1ccccc1-c1cccc2ccccc12,0.2,C=CC(=O)OCCCC,0.6,CCCCOC(=O)/C=C/c1ccc2ccccc2c1-c1ccccc1C=O,CC(=O)[O-].CC(=O)[O-].[Pd+2],10,CC(C)(C)[C@H](N)C(=O)N[C@H](C(=O)O)C(C)(C)C,20,[Li]OC(C)=O,2,CC(=O)O,,4.5,14,grahite felt,Pt,1.5,60,0.14,0.89,1.884432161
22,O=Cc1ccccc1-c1cccc2ccccc12,0.2,C=CC(C)=O,0.6,CC(=O)/C=C/c1ccc2ccccc2c1-c1ccccc1C=O,CC(=O)[O-].CC(=O)[O-].[Pd+2],10,CC(C)(C)[C@H](N)C(=O)O,20,[Li]OC(C)=O,2,CC(=O)O,,4.5,24,grahite felt,Pt,1.5,60,0.64,0.97,2.772851543
23,O=Cc1ccccc1-c1cccc2ccccc12,0.2,C=CC(=O)OCCCC,0.6,CCCCOC(=O)/C=C/c1ccc2ccccc2c1-c1ccccc1C=O,CC(=O)[O-].CC(=O)[O-].[Pd+2],10,N[C@@H](Cc1cnc[nH]1)C(=O)O,20,[Li]OC(C)=O,2,CC(=O)O,,4.5,14,grahite felt,Pt,1.5,60,0.6,0.24,0.324391179
24,O=Cc1ccccc1-c1cccc2ccccc12,0.2,C=CC(=O)OCCCC,0.6,CCCCOC(=O)/C=C/c1ccc2ccccc2c1-c1ccccc1C=O,CC(=O)[O-].CC(=O)[O-].[Pd+2],10,N=C(N)NCCC[C@H](N)C(=O)O,20,[Li]OC(C)=O,2,CC(=O)O,,4.5,14,grahite felt,Pt,1.5,60,0.18,0.55,0.819520665
25,O=Cc1ccccc1-c1cccc2ccccc12,0.2,C=CC(=O)OCCCC,0.6,CCCCOC(=O)/C=C/c1ccc2ccccc2c1-c1ccccc1C=O,CC(=O)[O-].CC(=O)[O-].[Pd+2],10,N[C@@H](CO)C(=O)O,20,[Li]OC(C)=O,2,CC(=O)O,,4.5,14,grahite felt,Pt,1.5,60,0.21,0.42,0.593311694
26,O=Cc1ccccc1-c1cccc2ccccc12,0.2,C=CC(=O)OCCCC,0.6,CCCCOC(=O)/C=C/c1ccc2ccccc2c1-c1ccccc1C=O,CC(=O)[O-].CC(=O)[O-].[Pd+2],10,CC(C)(C)[C@H](N)C(=O)O,20,[Li]OC(C)=O,2,CC(=O)O,,4.5,14,grahite felt,Pt,1.5,60,0.68,0.97,2.772851543
27,O=Cc1ccccc1-c1cccc2ccccc12,0.2,C=CC(=O)OCCCC,0.6,CCCCOC(=O)/C=C/c1ccc2ccccc2c1-c1ccccc1C=O,CC(=O)[O-].CC(=O)[O-].[Pd+2],10,CC(C)[C@H](N)C(=O)O,20,[Li]OC(C)=O,2,CC(=O)O,,4.5,14,grahite felt,Pt,1.5,60,0.34,0.46,0.659070493
28,O=Cc1ccccc1-c1cccc2ccccc12,0.2,C=CC(=O)OCCCC,0.6,CCCCOC(=O)/C=C/c1ccc2ccccc2c1-c1ccccc1C=O,CC(=O)[O-].CC(=O)[O-].[Pd+2],10,N[C@@H](Cc1ccccc1)C(=O)O,20,[Li]OC(C)=O,2,CC(=O)O,,4.5,14,grahite felt,Pt,1.5,60,0.43,0.5,0.727977587
29,O=Cc1ccccc1-c1cccc2ccccc12,0.2,C=CC(=O)OCCCC,0.6,CCCCOC(=O)/C=C/c1ccc2ccccc2c1-c1ccccc1C=O,CC(=O)[O-].CC(=O)[O-].[Pd+2],10,N[C@@H](Cc1c[nH]c2ccccc12)C(=O)O,20,[Li]OC(C)=O,2,CC(=O)O,,4.5,14,grahite felt,Pt,1.5,60,0.21,0.68,1.098797899
30,O=Cc1ccccc1-c1cccc2ccccc12,0.2,C=CC(=O)OCCCC,0.6,CCCCOC(=O)/C=C/c1ccc2ccccc2c1-c1ccccc1C=O,CC(=O)[O-].CC(=O)[O-].[Pd+2],10,N[C@@H](C(=O)O)c1ccccc1,20,[Li]OC(C)=O,2,CC(=O)O,,4.5,14,grahite felt,Pt,1.5,60,0.3,0.42,0.593311694
31,O=Cc1ccccc1-c1cccc2ccccc12,0.2,C=CC(=O)OCCCC,0.6,CCCCOC(=O)/C=C/c1ccc2ccccc2c1-c1ccccc1C=O,CC(=O)[O-].CC(=O)[O-].[Pd+2],10,CC[C@H](C)[C@H](N)C(=O)O,20,[Li]OC(C)=O,2,CC(=O)O,,4.5,14,grahite felt,Pt,1.5,60,0.52,0.45,0.642357532
32,O=Cc1ccccc1-c1cccc2ccccc12,0.2,C=CC(=O)OCCCC,0.6,CCCCOC(=O)/C=C/c1ccc2ccccc2c1-c1ccccc1C=O,CC(=O)[O-].CC(=O)[O-].[Pd+2],10,CC(C)(C)[C@H](N)C(=O)O,20,CCCC[N+](CCCC)(CCCC)CCCC.F[P-](F)(F)(F)(F)F,2,CC(=O)O,,4.5,14,grahite felt,Pt,1,60,0.42,0.99,3.507522458
33,O=Cc1ccccc1-c1cccc2ccccc12,0.2,C=CC(=O)OCCCC,0.6,CCCCOC(=O)/C=C/c1ccc2ccccc2c1-c1ccccc1C=O,CC(=O)[O-].CC(=O)[O-].[Pd+2],10,CC(C)(C)[C@H](N)C(=O)O,20,CCCC[N+](CCCC)(CCCC)CCCC.F[P-](F)(F)(F)(F)F,2,CC(=O)O,,4.5,14,grahite felt,Pt,1.5,80,0.46,0.97,2.93931419
34,O=Cc1ccccc1-c1cccc2ccccc12,0.2,C=CC(=O)OCCCC,0.6,CCCCOC(=O)/C=C/c1ccc2ccccc2c1-c1ccccc1C=O,CC(=O)[O-].CC(=O)[O-].[Pd+2],10,CC(C)(C)[C@H](N)C(=O)O,20,CCCC[N+](CCCC)(CCCC)CCCC.F[P-](F)(F)(F)(F)F,2,CC(=O)O,,4.5,14,grahite felt,Pt,1.5,50,0.45,0.99,3.402238878
35,O=Cc1ccccc1-c1cccc2ccccc12,0.2,C=CC(=O)OCCCC,0.6,CCCCOC(=O)/C=C/c1ccc2ccccc2c1-c1ccccc1C=O,CC(=O)[O-].CC(=O)[O-].[Pd+2],10,CC(C)(C)[C@H](N)C(=O)O,20,CCCC[N+](CCCC)(CCCC)CCCC.F[P-](F)(F)(F)(F)F,2,CC(=O)O,,4.5,14,grahite felt,Pt,1.5,70,0.48,0.99,3.612806037
36,O=Cc1ccccc1-c1cccc2ccccc12,0.2,C=CC(=O)OCCCC,0.6,CCCCOC(=O)/C=C/c1ccc2ccccc2c1-c1ccccc1C=O,CC(=O)[O-].CC(=O)[O-].[Pd+2],10,CC(C)(C)[C@H](N)C(=O)O,20,,/,CC(=O)O.OCC(F)(F)F,1/1,4.5,14,grahite felt,Pt,1.5,60,0.58,0.99,3.507522458
37,O=Cc1ccccc1-c1cccc2ccccc12,0.2,C=CC(=O)OCCCC,0.6,CCCCOC(=O)/C=C/c1ccc2ccccc2c1-c1ccccc1C=O,CC(=O)[O-].CC(=O)[O-].[Pd+2],10,CC(C)(C)[C@H](N)C(=O)O,20,,/,CC(=O)O.OCC(F)(F)F,1/4,4.5,14,grahite felt,Pt,1.5,60,0.43,0.99,3.507522458
38,O=Cc1ccccc1-c1cccc2ccccc12,0.2,C=CC(=O)OCCCC,0.6,CCCCOC(=O)/C=C/c1ccc2ccccc2c1-c1ccccc1C=O,CC(=O)[O-].CC(=O)[O-].[Pd+2],10,CC(C)(C)[C@H](N)C(=O)O,20,,/,CC(=O)O.OCC(F)(F)F,4/1,4.5,14,grahite felt,Pt,1.5,60,0.58,0.99,3.507522458
39,O=Cc1ccccc1-c1cccc2ccccc12,0.2,C=CC(=O)OCCCC,0.6,CCCCOC(=O)/C=C/c1ccc2ccccc2c1-c1ccccc1C=O,CC(=O)[O-].CC(=O)[O-].[Pd+2],10,CC(C)(C)[C@H](N)C(=O)O,20,CC(=O)O[Na],2,CC(=O)O,,4.5,14,grahite felt,Pt,1.5,60,0.52,0.99,3.507522458
40,O=Cc1ccccc1-c1cccc2ccccc12,0.2,C=CC(=O)OCCCC,0.6,CCCCOC(=O)/C=C/c1ccc2ccccc2c1-c1ccccc1C=O,CC(=O)[O-].CC(=O)[O-].[Pd+2],10,CC(C)(C)[C@H](N)C(=O)O,20,[Li]OC(C)=O,2,CC(=O)O,,4.5,14,grahite felt,Pt,1.5,60,0.64,0.97,2.772851543
41,O=Cc1ccccc1-c1cccc2ccccc12,0.2,C=CC(=O)OCCCC,0.6,CCCCOC(=O)/C=C/c1ccc2ccccc2c1-c1ccccc1C=O,CC(=O)[O-].CC(=O)[O-].[Pd+2],10,CC(C)(C)[C@H](N)C(=O)O,20,CC(=O)O[Na],2,CC(=O)O,,4.5,14,grahite felt,Pt,2.5,60,0.63,0.99,3.507522458
42,O=Cc1ccccc1-c1cccc2ccccc12,0.2,C=CC(=O)OCCCC,0.6,CCCCOC(=O)/C=C/c1ccc2ccccc2c1-c1ccccc1C=O,CC(=O)[O-].CC(=O)[O-].[Pd+2],10,CC(C)(C)[C@H](N)C(=O)O,20,[Li]OC(C)=O,1,CC(=O)O,,4.5,14,grahite felt,Pt,1.5,60,0.55,0.98,3.044881525
43,O=Cc1ccccc1-c1cccc2ccccc12,0.2,C=CC(=O)OCCCC,0.6,CCCCOC(=O)/C=C/c1ccc2ccccc2c1-c1ccccc1C=O,CC(=O)[O-].CC(=O)[O-].[Pd+2],10,CC(C)(C)[C@H](N)C(=O)O,20,CC(=O)O[K],2,CC(=O)O,,4.5,14,grahite felt,Pt,1.5,60,0.56,0.97,2.772851543
44,O=Cc1ccccc1-c1cccc2ccccc12,0.2,C=CC(=O)OCCCC,0.6,CCCCOC(=O)/C=C/c1ccc2ccccc2c1-c1ccccc1C=O,CC(=O)[O-].CC(=O)[O-].[Pd+2],10,CC(C)(C)[C@H](N)C(=O)O,20,O=C([O-])[O-].[Na+].[Na+],2,CC(=O)O,,4.5,14,grahite felt,Pt,1.5,60,0.65,0.96,2.578851502
45,O=Cc1ccccc1-c1cccc2ccccc12,0.2,C=CC(=O)OCCCC,0.6,CCCCOC(=O)/C=C/c1ccc2ccccc2c1-c1ccccc1C=O,CC(=O)[O-].CC(=O)[O-].[Pd+2],10,CC(C)(C)[C@H](N)C(=O)O,20,O=P([O-])(O)O.[K+],2,CC(=O)O,,4.5,14,grahite felt,Pt,1.5,60,0.64,0.98,3.044881525
46,O=Cc1ccccc1-c1cccc2ccccc12,0.2,C=CC(=O)OCCCC,0.6,CCCCOC(=O)/C=C/c1ccc2ccccc2c1-c1ccccc1C=O,CC(=O)[O-].CC(=O)[O-].[Pd+2],10,CC(C)(C)[C@H](N)C(=O)O,20,CC(C)(C)C(=O)O[Na],2,CC(=O)O,,4.5,14,grahite felt,Pt,1.5,60,0.66,0.96,2.578851502
47,O=Cc1ccccc1-c1cccc2ccccc12,0.2,C=CC(=O)OCCCC,0.6,CCCCOC(=O)/C=C/c1ccc2ccccc2c1-c1ccccc1C=O,CC(=O)[O-].CC(=O)[O-].[Pd+2],10,CC(C)(C)[C@H](N)C(=O)O,20,O=C([O-])[O-].[K+].[K+],2,CC(=O)O,,4.5,14,grahite felt,Pt,1.5,60,0.68,0.97,2.772851543
48,O=Cc1ccccc1-c1cccc2ccccc12,0.2,C=CC(=O)OCCCC,0.6,CCCCOC(=O)/C=C/c1ccc2ccccc2c1-c1ccccc1C=O,CC(=O)[O-].CC(=O)[O-].[Pd+2],10,CC(C)(C)[C@H](N)C(=O)O,20,CC(C)(C)C(=O)O[K],2,CC(=O)O,,4.5,14,grahite felt,Pt,1.5,60,0.62,0.97,2.772851543
49,O=Cc1ccccc1-c1cccc2ccccc12,0.2,C=CC(=O)OCCCC,0.6,CCCCOC(=O)/C=C/c1ccc2ccccc2c1-c1ccccc1C=O,CC(=O)[O-].CC(=O)[O-].[Pd+2],10,CC(C)(C)[C@H](N)C(=O)O,20,O=C(O[Na])c1ccccc1,2,CC(=O)O,,4.5,14,grahite felt,Pt,1.5,60,0.78,0.96,2.578851502
50,O=Cc1ccccc1-c1cccc2ccccc12,0.2,C=CC(=O)OCCCC,0.6,CCCCOC(=O)/C=C/c1ccc2ccccc2c1-c1ccccc1C=O,CC(=O)[O-].CC(=O)[O-].[Pd+2],10,CC(C)[C@H](N)C(=O)O,20,O=C(O[Na])c1ccccc1,2,CC(=O)O,,4.5,14,grahite felt,Pt,1.5,60,0.34,0.48,0.693094072
51,O=Cc1ccccc1-c1cccc2ccccc12,0.2,C=CC(=O)OCCCC,0.6,CCCCOC(=O)/C=C/c1ccc2ccccc2c1-c1ccccc1C=O,CC(=O)[O-].CC(=O)[O-].[Pd+2],10,N[C@@H](Cc1ccccc1)C(=O)O,20,O=C(O[Na])c1ccccc1,2,CC(=O)O,,4.5,14,grahite felt,Pt,1.5,60,0.43,0.18,0.241175745
52,O=Cc1ccccc1-c1cccc2ccccc12,0.2,C=CC(=O)OCCCC,0.6,CCCCOC(=O)/C=C/c1ccc2ccccc2c1-c1ccccc1C=O,CC(=O)[O-].CC(=O)[O-].[Pd+2],10,N[C@@H](Cc1ccc(O)cc1)C(=O)O,20,O=C(O[Na])c1ccccc1,2,CC(=O)O,,4.5,14,grahite felt,Pt,1.5,60,0.25,0.16,0.213880545
53,O=Cc1ccccc1-c1cccc2ccccc12,0.2,C=CC(=O)OCCCC,0.6,CCCCOC(=O)/C=C/c1ccc2ccccc2c1-c1ccccc1C=O,CC(=O)[O-].CC(=O)[O-].[Pd+2],10,N[C@@H](Cc1c[nH]c2ccccc12)C(=O)O,20,O=C(O[Na])c1ccccc1,2,CC(=O)O,,4.5,14,grahite felt,Pt,1.5,60,0.21,0.68,1.098797899
54,O=Cc1ccccc1-c1cccc2ccccc12,0.2,C=CC(=O)OCCCC,0.6,CCCCOC(=O)/C=C/c1ccc2ccccc2c1-c1ccccc1C=O,CC(=O)[O-].CC(=O)[O-].[Pd+2],10,N[C@@H](Cc1cnc[nH]1)C(=O)O,20,O=C(O[Na])c1ccccc1,2,CC(=O)O,,4.5,14,grahite felt,Pt,1.5,60,0.45,0.24,0.324391179
55,O=Cc1ccccc1-c1cccc2ccccc12,0.2,C=CC(=O)OCCCC,0.6,CCCCOC(=O)/C=C/c1ccc2ccccc2c1-c1ccccc1C=O,CC(=O)[O-].CC(=O)[O-].[Pd+2],10,N[C@@H](CO)C(=O)O,20,O=C(O[Na])c1ccccc1,2,CC(=O)O,,4.5,14,grahite felt,Pt,1.5,60,0.21,0.06,0.079611677
56,O=Cc1ccccc1-c1cccc2ccccc12,0.2,C=CC(=O)OCCCC,0.6,CCCCOC(=O)/C=C/c1ccc2ccccc2c1-c1ccccc1C=O,CC(=O)[O-].CC(=O)[O-].[Pd+2],10,CC(O)[C@H](N)C(=O)O,20,O=C(O[Na])c1ccccc1,2,CC(=O)O,,4.5,14,grahite felt,Pt,1.5,60,0.2,0.08,0.106248452
57,O=Cc1ccccc1-c1cccc2ccccc12,0.2,C=CC(=O)OCCCC,0.6,CCCCOC(=O)/C=C/c1ccc2ccccc2c1-c1ccccc1C=O,CC(=O)[O-].CC(=O)[O-].[Pd+2],10,N=C(N)NCCC[C@H](N)C(=O)O,20,O=C(O[Na])c1ccccc1,2,CC(=O)O,,4.5,14,grahite felt,Pt,1.5,60,0.18,0.12,0.15980212
58,O=Cc1ccccc1-c1cccc2ccccc12,0.2,C=CC(=O)OCCCC,0.6,CCCCOC(=O)/C=C/c1ccc2ccccc2c1-c1ccccc1C=O,CC(=O)[O-].CC(=O)[O-].[Pd+2],10,N[C@@H](CC(=O)O)C(=O)O,20,O=C(O[Na])c1ccccc1,2,CC(=O)O,,4.5,14,grahite felt,Pt,1.5,60,0.2,0.28,0.381255704
59,O=Cc1ccccc1-c1cccc2ccccc12,0.2,C=CC(=O)OCCCC,0.6,CCCCOC(=O)/C=C/c1ccc2ccccc2c1-c1ccccc1C=O,CC(=O)[O-].CC(=O)[O-].[Pd+2],10,N[C@@H](CCC(=O)O)C(=O)O,20,O=C(O[Na])c1ccccc1,2,CC(=O)O,,4.5,14,grahite felt,Pt,1.5,60,0.62,0.2,0.268674868
60,O=Cc1ccccc1-c1cccc2ccccc12,0.2,C=CC(=O)OCCCC,0.6,CCCCOC(=O)/C=C/c1ccc2ccccc2c1-c1ccccc1C=O,CC(=O)[O-].CC(=O)[O-].[Pd+2],10,CC(C)[C@H](NC(=O)[C@@H]([NH3+])C(C)(C)C)C(=O)O.[Cl-],20,[Li]OC(C)=O,2,CC(=O)O,,4.5,14,grahite felt,Pt,1.5,60,0.15,0.88,1.823260179
61,O=Cc1ccccc1-c1cccc2ccccc12,0.2,C=CC(=O)OCCCC,0.6,CCCCOC(=O)/C=C/c1ccc2ccccc2c1-c1ccccc1C=O,CC(=O)[O-].CC(=O)[O-].[Pd+2],10,CC(C)(C)[C@H](NC(=O)[C@@H]([NH3+])Cc1ccccc1)C(=O)O.[Cl-],20,[Li]OC(C)=O,2,CC(=O)O,,4.5,14,grahite felt,Pt,1.5,60,0.12,0.45,0.642357532
62,O=Cc1ccccc1-c1cccc2ccccc12,0.2,C=CC(=O)OCCCC,0.6,CCCCOC(=O)/C=C/c1ccc2ccccc2c1-c1ccccc1C=O,CC(=O)[O-].CC(=O)[O-].[Pd+2],10,CC(C)(C)[C@H]([NH3+])C(=O)N[C@H](C(=O)O)C(C)(C)C.[Cl-],20,[Li]OC(C)=O,2,CC(=O)O,,4.5,14,grahite felt,Pt,1.5,60,0.1,0.74,1.259639444
63,O=Cc1ccccc1-c1cccc2ccccc12,0.2,C=CC(=O)OCCCC,0.6,CCCCOC(=O)/C=C/c1ccc2ccccc2c1-c1ccccc1C=O,CC(=O)[O-].CC(=O)[O-].[Pd+2],10,CC(C)(C)[C@H](NC(=O)C[NH3+])C(=O)O.[Cl-],20,[Li]OC(C)=O,2,CC(=O)O,,4.5,14,grahite felt,Pt,1.5,60,0.15,0.36,0.499474641
64,O=Cc1ccccc1-c1cccc2ccccc12,0.2,C=CC(=O)OCCCC,0.6,CCCCOC(=O)/C=C/c1ccc2ccccc2c1-c1ccccc1C=O,CC(=O)[O-].CC(=O)[O-].[Pd+2],10,CC(C)(C)[C@H](NC(=O)[C@@H]([NH3+])c1ccccc1)C(=O)O.[Cl-],20,[Li]OC(C)=O,2,CC(=O)O,,4.5,14,grahite felt,Pt,1.5,60,0.21,0.32,0.439521139
65,O=Cc1ccccc1-c1cccc2ccccc12,0.2,C=CC(=O)OCCCC,0.6,CCCCOC(=O)/C=C/c1ccc2ccccc2c1-c1ccccc1C=O,CC(=O)[O-].CC(=O)[O-].[Pd+2],10,CC(C)(C)OC(=O)C[C@H](N)C(=O)O,20,[Li]OC(C)=O,2,CC(=O)O,,4.5,14,grahite felt,Pt,1.5,60,0.55,0.2,0.268674868
66,O=Cc1ccccc1-c1cccc2ccccc12,0.2,C=CCc1ccc(OC)c(OC)c1,0.6,COc1ccc(/C=C/Cc2ccc3ccccc3c2-c2ccccc2C=O)cc1OC,CC(=O)[O-].CC(=O)[O-].[Pd+2],10,CC(C)(C)[C@H]([NH3+])C(=O)N[C@H](C(=O)O)C(C)(C)C.[Cl-],20,[Li]OC(C)=O,2,CC(=O)O,,4.5,14,grahite felt,Pt,1.5,60,0.12,0.48,0.693094072
67,O=Cc1ccccc1-c1cccc2ccccc12,0.2,C=CCc1ccc(OC)c(OC)c1,0.6,COc1ccc(/C=C/Cc2ccc3ccccc3c2-c2ccccc2C=O)cc1OC,CC(=O)[O-].CC(=O)[O-].[Pd+2],10,CC(C)[C@H](NC(=O)[C@@H]([NH3+])C(C)(C)C)C(=O)O.[Cl-],20,[Li]OC(C)=O,2,CC(=O)O,,4.5,14,grahite felt,Pt,1.5,60,0.1,0.78,1.385395626
68,O=Cc1ccccc1-c1cccc2ccccc12,0.2,C=CCc1ccc(OC)c(OC)c1,0.6,COc1ccc(/C=C/Cc2ccc3ccccc3c2-c2ccccc2C=O)cc1OC,CC(=O)[O-].CC(=O)[O-].[Pd+2],10,CC(C)(C)[C@H](NC(=O)[C@@H]([NH3+])Cc1ccccc1)C(=O)O.[Cl-],20,[Li]OC(C)=O,2,CC(=O)O,,4.5,14,grahite felt,Pt,1.5,60,0.15,0.45,0.642357532
69,O=Cc1ccccc1-c1cccc2ccccc12,0.2,C=CCc1ccc(OC)c(OC)c1,0.6,COc1ccc(/C=C/Cc2ccc3ccccc3c2-c2ccccc2C=O)cc1OC,CC(=O)[O-].CC(=O)[O-].[Pd+2],10,CC(C)(C)[C@H](NC(=O)C[NH3+])C(=O)O.[Cl-],20,[Li]OC(C)=O,2,CC(=O)O,,4.5,14,grahite felt,Pt,1.5,60,0.12,0.5,0.727977587
70,O=Cc1ccccc1-c1cccc2ccccc12,0.2,C=CCc1ccc(OC)c(OC)c1,0.6,COc1ccc(/C=C/Cc2ccc3ccccc3c2-c2ccccc2C=O)cc1OC,CC(=O)[O-].CC(=O)[O-].[Pd+2],10,CC(C)(C)[C@H](NC(=O)[C@@H]([NH3+])c1ccccc1)C(=O)O.[Cl-],20,[Li]OC(C)=O,2,CC(=O)O,,4.5,14,grahite felt,Pt,1.5,60,0.18,0.45,0.642357532
71,O=Cc1ccccc1-c1cccc2ccccc12,0.2,C=Cc1ccc(Br)cc1,0.6,O=Cc1ccccc1-c1c(/C=C/c2ccc(Br)cc2)ccc2ccccc12,CC(=O)[O-].CC(=O)[O-].[Pd+2],10,CC(C)(C)[C@H](N)C(=O)O,20,[Li]OC(C)=O,2,CC(=O)O,,4.5,18,grahite felt,Pt,1.5,60,0.42,0.99,3.507522458
72,O=Cc1ccccc1-c1cccc2ccccc12,0.2,C=Cc1ccc(OC)cc1,0.6,COc1ccc(/C=C/c2ccc3ccccc3c2-c2ccccc2C=O)cc1,CC(=O)[O-].CC(=O)[O-].[Pd+2],10,CC(C)(C)[C@H](N)C(=O)O,20,O=C([O-])[O-].[K+].[K+],2,CC(=O)O,,4.5,16,grahite felt,Pt,1.5,60,0.21,0.73,1.230812203
73,O=Cc1ccccc1-c1cccc2ccccc12,0.2,C=Cc1ccc(OC)cc1,0.6,COc1ccc(/C=C/c2ccc3ccccc3c2-c2ccccc2C=O)cc1,CC(=O)[O-].CC(=O)[O-].[Pd+2],10,CC(C)(C)[C@H](N)C(=O)O,20,CC(C)(C)C(=O)O[Na],2,CC(=O)O,,4.5,16,grahite felt,Pt,1.5,60,0.29,0.77,1.35220723
74,O=Cc1ccccc1-c1cccc2ccccc12,0.2,C=Cc1ccc(OC)cc1,0.6,COc1ccc(/C=C/c2ccc3ccccc3c2-c2ccccc2C=O)cc1,CC(=O)[O-].CC(=O)[O-].[Pd+2],10,CC(C)(C)[C@H](N)C(=O)O,20,[Li]OC(C)=O,2,CC(=O)O,,4.5,16,grahite felt,Pt,1.5,60,0.34,0.76,1.320251484
75,O=Cc1ccccc1-c1cccc2ccccc12,0.2,C=Cc1ccc(OC)cc1,0.6,COc1ccc(/C=C/c2ccc3ccccc3c2-c2ccccc2C=O)cc1,CC(=O)[O-].CC(=O)[O-].[Pd+2],10,CC(C)(C)[C@H](N)C(=O)O,20,CC(=O)O[Na],2,CC(=O)O,,4.5,16,grahite felt,Pt,1.5,60,0.35,0.8,1.455955174
76,O=Cc1ccccc1-c1cccc2ccccc12,0.2,C=Cc1ccc(OC)cc1,0.6,COc1ccc(/C=C/c2ccc3ccccc3c2-c2ccccc2C=O)cc1,CC(=O)[O-].CC(=O)[O-].[Pd+2],10,CC(C)(C)[C@H](N)C(=O)O,20,,/,CC(=O)O.OCC(F)(F)F,9/1,4.5,16,grahite felt,Pt,1.5,60,0.29,0.6,0.918605439
77,O=Cc1ccccc1-c1cccc2ccccc12,0.2,C=Cc1ccc(OC)cc1,0.6,COc1ccc(/C=C/c2ccc3ccccc3c2-c2ccccc2C=O)cc1,CC(=O)[O-].CC(=O)[O-].[Pd+2],10,CC(C)(C)[C@H](N)C(=O)O,20,,/,CC(=O)O.ClCCCl,1/1,4.5,16,grahite felt,Pt,1.5,60,0.23,0.82,1.533092603
78,O=Cc1ccccc1-c1cccc2ccccc12,0.2,C=Cc1ccc(OC)cc1,0.6,COc1ccc(/C=C/c2ccc3ccccc3c2-c2ccccc2C=O)cc1,CC(=O)[O-].CC(=O)[O-].[Pd+2],10,CC(C)(C)[C@H](N)C(=O)O,20,,/,CC(=O)O.ClCCCl,3/1,4.5,16,grahite felt,Pt,1.5,60,0.14,0.4,0.561448164
79,O=Cc1ccc2ccccc2c1-c1cccc2ccccc12,0.2,C=CC(=O)OCCCC,0.6,CCCCOC(=O)/C=C/c1ccc2ccccc2c1-c1c(C=O)ccc2ccccc12,CC(=O)[O-].CC(=O)[O-].[Pd+2],10,CC(C)(C)[C@H](N)C(=O)O,20,[Li]OC(C)=O,2,CC(=O)O,,4.5,36,grahite felt,Pt,1.5,60,0.4,0.95,2.427599614
80,O=Cc1ccccc1-c1cccc2ccccc12,0.2,C=CC(F)(F)C(F)(F)C(F)(F)C(F)(F)C(F)(F)C(F)(F)C(F)(F)C(F)(F)F,0.6,O=Cc1ccccc1-c1c(/C=C/C(F)(F)C(F)(F)C(F)(F)C(F)(F)C(F)(F)C(F)(F)C(F)(F)C(F)(F)F)ccc2ccccc12,CC(=O)[O-].CC(=O)[O-].[Pd+2],10,CC(C)(C)[C@H](N)C(=O)O,20,CC(=O)O[K],2,CC(=O)O,,4.5,20,grahite felt,Pt,1.5,60,0.43,0.97,2.772851543
81,COc1cc(C=O)c(-c2cccc3ccccc23)cc1OC,0.2,C=CC(F)(F)C(F)(F)C(F)(F)C(F)(F)C(F)(F)C(F)(F)C(F)(F)C(F)(F)F,0.6,COc1cc(C=O)c(-c2c(/C=C/C(F)(F)C(F)(F)C(F)(F)C(F)(F)C(F)(F)C(F)(F)C(F)(F)C(F)(F)F)ccc3ccccc23)cc1OC,CC(=O)[O-].CC(=O)[O-].[Pd+2],10,CC(C)(C)[C@H](N)C(=O)O,20,CC(=O)O[K],2,CC(=O)O,,4.5,20,grahite felt,Pt,1.5,60,0.38,0.95,2.427599614
82,O=Cc1ccc2ccccc2c1-c1cccc2ccccc12,0.2,C=CC(=O)OCCCC,0.6,CCCCOC(=O)/C=C/c1ccc2ccccc2c1-c1c(C=O)ccc2ccccc12,CC(=O)[O-].CC(=O)[O-].[Pd+2],10,CC(C)(C)[C@H](N)C(=O)O,20,CC(=O)O[K],2,CC(=O)O,,4.5,48,grahite felt,Pt,1.5,60,0.24,0.91,2.024378495
83,O=Cc1ccc2ccccc2c1-c1cccc2ccccc12,0.2,C=CC(=O)OCCCC,0.6,CCCCOC(=O)/C=C/c1ccc2ccccc2c1-c1c(C=O)ccc2ccccc12,CC(=O)[O-].CC(=O)[O-].[Pd+2],10,CC(C)(C)[C@H](N)C(=O)O,20,CC(=O)O[Na],2,CC(=O)O,,4.5,48,grahite felt,Pt,1.5,60,0.28,0.92,2.105885746
84,O=Cc1ccc2ccccc2c1-c1cccc2ccccc12,0.2,C=CC(=O)OCCCC,0.6,CCCCOC(=O)/C=C/c1ccc2ccccc2c1-c1c(C=O)ccc2ccccc12,CC(=O)[O-].CC(=O)[O-].[Pd+2],10,CC(C)(C)[C@H](N)C(=O)O,20,[Li]O[Cl+3]([O-])([O-])[O-],2,CC(=O)O,,4.5,48,grahite felt,Pt,1.5,60,0.07,0.97,2.772851543
85,O=Cc1ccc2ccccc2c1-c1cccc2ccccc12,0.2,C=CC(=O)OCCCC,0.6,CCCCOC(=O)/C=C/c1ccc2ccccc2c1-c1c(C=O)ccc2ccccc12,CC(=O)[O-].CC(=O)[O-].[Pd+2],10,CC(C)(C)[C@H](N)C(=O)O,20,CC(C)(C)C(=O)O[Na],2,CC(=O)O,,4.5,48,grahite felt,Pt,1.5,60,0.37,0.92,2.105885746
86,O=Cc1ccc2ccccc2c1-c1cccc2ccccc12,0.2,C=CC(=O)OCCCC,0.6,CCCCOC(=O)/C=C/c1ccc2ccccc2c1-c1c(C=O)ccc2ccccc12,CC(=O)[O-].CC(=O)[O-].[Pd+2],10,CC(C)(C)[C@H](N)C(=O)O,20,O=P([O-])(O)O.[K+],2,CC(=O)O,,4.5,48,grahite felt,Pt,1.5,60,0.32,0.95,2.427599614
87,O=Cc1ccc2ccccc2c1-c1cccc2ccccc12,0.2,C=CC(=O)OCCCC,0.6,CCCCOC(=O)/C=C/c1ccc2ccccc2c1-c1c(C=O)ccc2ccccc12,CC(=O)[O-].CC(=O)[O-].[Pd+2],10,CC(C)(C)[C@H](N)C(=O)O,20,CC(C)(C)C(=O)O[K],2,CC(=O)O,,4.5,48,grahite felt,Pt,1.5,60,0.35,0.88,1.823260179
88,O=Cc1ccc2ccccc2c1-c1cccc2ccccc12,0.2,C=CC(=O)OCCCC,0.6,CCCCOC(=O)/C=C/c1ccc2ccccc2c1-c1c(C=O)ccc2ccccc12,CC(=O)[O-].CC(=O)[O-].[Pd+2],10,CC(C)(C)[C@H](N)C(=O)O,20,O=S(=O)(O[Na])C(F)(F)F,2,CC(=O)O,,4.5,48,grahite felt,Pt,1.5,60,0.05,0.96,2.578851502
89,O=Cc1ccc2ccccc2c1-c1cccc2ccccc12,0.2,C=CC(=O)OCCCC,0.6,CCCCOC(=O)/C=C/c1ccc2ccccc2c1-c1c(C=O)ccc2ccccc12,CC(=O)[O-].CC(=O)[O-].[Pd+2],10,CC(C)(C)[C@H](N)C(=O)O,20,O=C(O[Na])c1ccccc1,2,CC(=O)O,,4.5,48,grahite felt,Pt,1.5,60,0.29,0.89,1.884432161
90,O=Cc1ccc2ccc3ccccc3c2c1-c1cccc2ccccc12,0.2,C=CC(=O)OCCCC,0.6,CCCCOC(=O)/C=C/c1ccc2ccccc2c1-c1c(C=O)ccc2ccc3ccccc3c12,CC(=O)[O-].CC(=O)[O-].[Pd+2],10,CC(C)(C)[C@H](N)C(=O)O,20,[Li]OC(C)=O,2,CC(=O)O,,4.5,48,grahite felt,Pt,1.5,60,0.38,0.95,2.427599614
91,O=Cc1ccc2ccc3ccccc3c2c1-c1cccc2ccccc12,0.2,C=CC(=O)OCCCC,0.6,CCCCOC(=O)/C=C/c1ccc2ccccc2c1-c1c(C=O)ccc2ccc3ccccc3c12,CC(=O)[O-].CC(=O)[O-].[Pd+2],10,CC(C)(C)[C@H](N)C(=O)O,20,[Li]OC(C)=O,2,CC(=O)O,,4.5,36,grahite felt,Pt,1.5,60,0.35,0.94,2.303380331
92,O=Cc1ccc2ccc3ccccc3c2c1-c1cccc2ccccc12,0.2,C=CC(=O)OCCCC,0.6,CCCCOC(=O)/C=C/c1ccc2ccccc2c1-c1c(C=O)ccc2ccc3ccccc3c12,CC(=O)[O-].CC(=O)[O-].[Pd+2],10,CC(C)(C)[C@H](N)C(=O)O,20,CC(=O)O[Na],2,CC(=O)O,,4.5,36,grahite felt,Pt,1.5,60,0.32,0.94,2.303380331
93,O=Cc1ccc2ccc3ccccc3c2c1-c1cccc2ccccc12,0.2,C=CC(=O)OCCCC,0.6,CCCCOC(=O)/C=C/c1ccc2ccccc2c1-c1c(C=O)ccc2ccc3ccccc3c12,CC(=O)[O-].CC(=O)[O-].[Pd+2],10,CC(C)(C)[C@H](N)C(=O)O,20,CC(=O)O[K],2,CC(=O)O,,4.5,36,grahite felt,Pt,1.5,60,0.45,0.91,2.024378495
94,O=Cc1ccc2ccc3ccccc3c2c1-c1cccc2ccccc12,0.2,C=CC(=O)OCCCC,0.6,CCCCOC(=O)/C=C/c1ccc2ccccc2c1-c1c(C=O)ccc2ccc3ccccc3c12,CC(=O)[O-].CC(=O)[O-].[Pd+2],10,CC(C)(C)[C@H](N)C(=O)O,20,CC(C)(C)C(=O)O[Na],2,CC(=O)O,,4.5,36,grahite felt,Pt,1.5,60,0.47,0.91,2.024378495
95,O=Cc1ccc2ccc3ccccc3c2c1-c1cccc2ccccc12,0.2,C=CC(=O)OCCCC,0.6,CCCCOC(=O)/C=C/c1ccc2ccccc2c1-c1c(C=O)ccc2ccc3ccccc3c12,CC(=O)[O-].CC(=O)[O-].[Pd+2],10,CC(C)(C)[C@H](N)C(=O)O,20,CC(=O)O[K],2,CC(=O)O,,4.5,24,grahite felt,Pt,1.5,60,0.42,0.96,2.578851502
96,Cc1ccccc1-c1c(C=O)ccc2ccc3ccccc3c12,0.2,C=CC(=O)OCCCC,0.6,CCCCOC(=O)/C=C/c1cccc(C)c1-c1c(C=O)ccc2ccc3ccccc3c12,CC(=O)[O-].CC(=O)[O-].[Pd+2],10,CC(C)(C)[C@H](N)C(=O)O,20,CC(=O)O[K],2,CC(=O)O,,4.5,24,grahite felt,Pt,1.5,60,0.42,0.96,2.578851502
97,O=Cc1ccccc1-c1cccc2ccccc12,0.2,C=CC(=O)OCCCC,0.6,CCCCOC(=O)/C=C/c1ccc2ccccc2c1-c1ccccc1C=O,CC(=O)[O-].CC(=O)[O-].[Pd+2],10,CC(C)(C)[C@H](N)C(=O)O,25,[Li]OC(C)=O,2,CC(=O)O,,4.5,16,grahite felt,Pt,1.5,60,0.57,0.92,2.105885746
98,O=Cc1ccccc1-c1cccc2ccccc12,0.2,C=CC(=O)OCCCC,0.6,CCCCOC(=O)/C=C/c1ccc2ccccc2c1-c1ccccc1C=O,CC(=O)[O-].CC(=O)[O-].[Pd+2],10,CC(C)(C)[C@H](N)C(=O)O,30,[Li]OC(C)=O,2,CC(=O)O,,4.5,16,grahite felt,Pt,1.5,60,0.47,0.9,1.95108466
99,O=Cc1ccc2ccccc2c1-c1cccc2ccccc12,0.2,C=CC(=O)OCCCC,0.6,CCCCOC(=O)/C=C/c1ccc2ccccc2c1-c1c(C=O)ccc2ccccc12,CC(=O)[O-].CC(=O)[O-].[Pd+2],10,CC(C)(C)[C@H](N)C(=O)O,20,CC(C)(C)C(=O)O[Na],2,CC(=O)O.OCC(F)(F)F,1/1,4.5,48,grahite felt,Pt,1.5,60,0.16,0.96,2.578851502
100,O=Cc1ccc2ccccc2c1-c1cccc2ccccc12,0.2,C=CC(=O)OCCCC,0.6,CCCCOC(=O)/C=C/c1ccc2ccccc2c1-c1c(C=O)ccc2ccccc12,CC(=O)[O-].CC(=O)[O-].[Pd+2],10,CC(C)(C)[C@H](N)C(=O)O,20,CC(C)(C)C(=O)O[Na],2,CC(=O)O.OC(C(F)(F)F)C(F)(F)F,1/1,4.5,48,grahite felt,Pt,1.5,60,0.21,0.94,2.303380331
101,O=Cc1ccccc1-c1cccc2ccccc12,0.2,C=CC(=O)OCCCC,0.6,CCCCOC(=O)/C=C/c1ccc2ccccc2c1-c1ccccc1C=O,CC(=O)[O-].CC(=O)[O-].[Pd+2],10,CC(C)(C)[C@H](N)C(=O)O,20,[Li]OC(C)=O,2,CC(=O)O,,4.5,24,grahite felt,Pt,1,60,0.71,0.97,2.772851543
102,Cc1ccccc1-c1ccccc1C=O,0.2,C=CC(=O)OCCCC,0.6,CCCCOC(=O)/C=C/c1cccc(C)c1-c1ccccc1C=O,CC(=O)[O-].CC(=O)[O-].[Pd+2],10,CC(C)(C)[C@H](N)C(=O)O,20,[Li]OC(C)=O,2,CC(=O)O,,4.5,24,grahite felt,Pt,1,60,0.68,0.97,2.772851543
103,COc1cc(C=O)c(-c2cccc3ccccc23)cc1OC,0.2,C=CC(=O)OCCCC,0.6,CCCCOC(=O)/C=C/c1ccc2ccccc2c1-c1cc(OC)c(OC)cc1C=O,CC(=O)[O-].CC(=O)[O-].[Pd+2],10,CC(C)(C)[C@H](N)C(=O)O,20,[Li]OC(C)=O,2,CC(=O)O,,4.5,24,grahite felt,Pt,1,60,0.6,0.98,3.044881525
104,O=Cc1ccccc1-c1ccc(C(F)(F)F)c2ccccc12,0.2,C=CC(=O)OCCCC,0.6,CCCCOC(=O)/C=C/c1cc(C(F)(F)F)ccc1-c1c(C=O)ccc2ccccc12,CC(=O)[O-].CC(=O)[O-].[Pd+2],10,CC(C)(C)[C@H](N)C(=O)O,20,[Li]OC(C)=O,2,CC(=O)O,,4.5,24,grahite felt,Pt,1,60,0.48,0.96,2.578851502
105,CCc1ccccc1-c1cc(F)ccc1C=O,0.2,C=CC(=O)OCCCC,0.6,CCCCOC(=O)/C=C/c1cccc(CC)c1-c1cc(F)ccc1C=O,CC(=O)[O-].CC(=O)[O-].[Pd+2],10,CC(C)(C)[C@H](N)C(=O)O,20,[Li]OC(C)=O,2,CC(=O)O,,4.5,24,grahite felt,Pt,1,60,0.64,0.97,2.772851543
106,O=Cc1ccccc1-c1cccc2ccccc12,0.2,C=CC(=O)Oc1cccc(OC)c1,0.6,COc1cccc(OC(=O)/C=C/c2ccc3ccccc3c2-c2ccccc2C=O)c1,CC(=O)[O-].CC(=O)[O-].[Pd+2],10,CC(C)(C)[C@H](N)C(=O)O,20,[Li]OC(C)=O,2,CC(=O)O,,4.5,24,grahite felt,Pt,1,60,0.78,0.97,2.772851543
107,O=Cc1ccccc1-c1cccc2ccccc12,0.2,C=CC(=O)Oc1ccc([N+](=O)[O-])cc1,0.6,O=Cc1ccccc1-c1c(/C=C/C(=O)Oc2ccc([N+](=O)[O-])cc2)ccc2ccccc12,CC(=O)[O-].CC(=O)[O-].[Pd+2],10,CC(C)(C)[C@H](N)C(=O)O,20,[Li]OC(C)=O,2,CC(=O)O,,4.5,24,grahite felt,Pt,1,60,0.45,0.98,3.044881525
108,O=Cc1ccccc1-c1cccc2ccccc12,0.2,C=CS(=O)(=O)c1ccccc1,0.6,O=Cc1ccccc1-c1c(/C=C/S(=O)(=O)c2ccccc2)ccc2ccccc12,CC(=O)[O-].CC(=O)[O-].[Pd+2],10,CC(C)(C)[C@H](N)C(=O)O,20,[Li]OC(C)=O,2,CC(=O)O,,4.5,24,grahite felt,Pt,1,60,0.55,0.99,3.507522458
109,O=Cc1ccccc1-c1cccc2ccccc12,0.2,C=CC(=O)Oc1ccc(C(C)=O)cc1,0.6,CC(=O)c1ccc(OC(=O)/C=C/c2ccc3ccccc3c2-c2ccccc2C=O)cc1,CC(=O)[O-].CC(=O)[O-].[Pd+2],10,CC(C)(C)[C@H](N)C(=O)O,20,[Li]OC(C)=O,2,CC(=O)O,,4.5,24,grahite felt,Pt,1,60,0.65,0.98,3.044881525
110,O=Cc1ccccc1-c1cccc2ccccc12,0.2,C=CC(=O)Oc1ccc(Br)cc1,0.6,O=Cc1ccccc1-c1c(/C=C/C(=O)Oc2ccc(Br)cc2)ccc2ccccc12,CC(=O)[O-].CC(=O)[O-].[Pd+2],10,CC(C)(C)[C@H](N)C(=O)O,20,[Li]OC(C)=O,2,CC(=O)O,,4.5,24,grahite felt,Pt,1,60,0.57,0.98,3.044881525
111,Cc1ccccc1-c1ccccc1C=O,0.2,C=CC(=O)Oc1ccc(F)cc1,0.6,Cc1cccc(/C=C/C(=O)Oc2ccc(F)cc2)c1-c1ccccc1C=O,CC(=O)[O-].CC(=O)[O-].[Pd+2],10,CC(C)(C)[C@H](N)C(=O)O,20,[Li]OC(C)=O,2,CC(=O)O,,4.5,24,grahite felt,Pt,1,60,0.72,0.98,3.044881525
112,O=Cc1cc2c(cc1-c1cccc3ccccc13)OCO2,0.2,C=CC(=O)OCCCC,0.6,CCCCOC(=O)/C=C/c1ccc2ccccc2c1-c1cc2c(cc1C=O)OCO2,CC(=O)[O-].CC(=O)[O-].[Pd+2],10,CC(C)(C)[C@H](N)C(=O)O,20,[Li]OC(C)=O,2,CC(=O)O,,4.5,24,grahite felt,Pt,1,60,0.54,0.98,3.044881525
113,O=Cc1cc(C(F)(F)F)ccc1-c1cccc2ccccc12,0.2,C=CC(=O)OCCCC,0.6,CCCCOC(=O)/C=C/c1ccc2ccccc2c1-c1ccc(C(F)(F)F)cc1C=O,CC(=O)[O-].CC(=O)[O-].[Pd+2],10,CC(C)(C)[C@H](N)C(=O)O,20,[Li]OC(C)=O,2,CC(=O)O,,4.5,24,grahite felt,Pt,1,60,0.6,0.98,3.044881525
114,O=Cc1ccccc1-c1cccc2ccccc12,0.2,C=CP(=O)(OCC)OCC,0.6,CCOP(=O)(/C=C/c1ccc2ccccc2c1-c1ccccc1C=O)OCC,CC(=O)[O-].CC(=O)[O-].[Pd+2],10,CC(C)(C)[C@H](N)C(=O)O,20,[Li]OC(C)=O,2,CC(=O)O,,4.5,24,grahite felt,Pt,1,60,0.68,0.98,3.044881525
115,Cc1ccccc1-c1ccccc1C=O,0.2,C=CC(=O)NC(C)C,0.6,Cc1cccc(/C=C/C(=O)NC(C)C)c1-c1ccccc1C=O,CC(=O)[O-].CC(=O)[O-].[Pd+2],10,CC(C)(C)[C@H](N)C(=O)O,20,[Li]OC(C)=O,2,CC(=O)O,,4.5,24,grahite felt,Pt,1,60,0.7,0.98,3.044881525
116,Cc1ccccc1-c1ccccc1C=O,0.2,C=CC(C)=O,0.6,CC(=O)/C=C/c1cccc(C)c1-c1ccccc1C=O,CC(=O)[O-].CC(=O)[O-].[Pd+2],10,CC(C)(C)[C@H](N)C(=O)O,20,[Li]OC(C)=O,2,CC(=O)O,,4.5,24,grahite felt,Pt,1,60,0.64,0.97,2.772851543
117,O=Cc1ccc2ccccc2c1-c1cccc2ccccc12,0.2,C=CC(F)(F)C(F)(F)C(F)(F)C(F)(F)C(F)(F)C(F)(F)C(F)(F)C(F)(F)F,0.6,O=Cc1ccc2ccccc2c1-c1c(/C=C/C(F)(F)C(F)(F)C(F)(F)C(F)(F)C(F)(F)C(F)(F)C(F)(F)C(F)(F)F)ccc2ccccc12,CC(=O)[O-].CC(=O)[O-].[Pd+2],10,CC(C)(C)[C@H](N)C(=O)O,20,[Li]OC(C)=O,2,CC(=O)O,,4.5,20,grahite felt,Pt,1,60,0.18,0.96,2.578851502
118,O=Cc1ccc2ccccc2c1-c1cccc2ccccc12,0.2,C=CC(F)(F)C(F)(F)C(F)(F)C(F)(F)C(F)(F)C(F)(F)C(F)(F)C(F)(F)F,0.6,O=Cc1ccc2ccccc2c1-c1c(/C=C/C(F)(F)C(F)(F)C(F)(F)C(F)(F)C(F)(F)C(F)(F)C(F)(F)C(F)(F)F)ccc2ccccc12,CC(=O)[O-].CC(=O)[O-].[Pd+2],10,CC(C)(C)[C@H](N)C(=O)O,20,CC(=O)O[Na],2,CC(=O)O,,4.5,20,grahite felt,Pt,1,60,0.15,0.99,3.507522458
119,O=Cc1ccc2ccccc2c1-c1cccc2ccccc12,0.2,C=CC(F)(F)C(F)(F)C(F)(F)C(F)(F)C(F)(F)C(F)(F)C(F)(F)C(F)(F)F,0.6,O=Cc1ccc2ccccc2c1-c1c(/C=C/C(F)(F)C(F)(F)C(F)(F)C(F)(F)C(F)(F)C(F)(F)C(F)(F)C(F)(F)F)ccc2ccccc12,CC(=O)[O-].CC(=O)[O-].[Pd+2],10,CC(C)(C)[C@H](N)C(=O)O,20,CC(=O)O[K],2,CC(=O)O,,4.5,20,grahite felt,Pt,1,60,0.15,0.99,3.507522458
120,O=Cc1ccccc1-c1cccc2ccccc12,0.2,C=CC(=O)OC,0.6,COC(=O)/C=C/c1ccc2ccccc2c1-c1ccccc1C=O,CC(=O)[O-].CC(=O)[O-].[Pd+2],10,CC(C)(C)[C@H](N)C(=O)O,20,[Li]OC(C)=O,2,CC(=O)O,,4.5,16,grahite felt,Pt,1.5,60,0.58,0.99,3.507522458
121,O=Cc1ccccc1-c1cccc2ccccc12,0.2,C=CC(=O)OCc1ccccc1,0.6,O=Cc1ccccc1-c1c(/C=C/C(=O)OCc2ccccc2)ccc2ccccc12,CC(=O)[O-].CC(=O)[O-].[Pd+2],10,CC(C)(C)[C@H](N)C(=O)O,20,[Li]OC(C)=O,2,CC(=O)O,,4.5,16,grahite felt,Pt,1.5,60,0.52,0.97,2.772851543
122,O=Cc1ccccc1-c1cccc2ccccc12,0.2,C=Cc1ccccc1,0.6,O=Cc1ccccc1-c1c(/C=C/c2ccccc2)ccc2ccccc12,CC(=O)[O-].CC(=O)[O-].[Pd+2],10,CC(C)(C)[C@H](N)C(=O)O,20,[Li]OC(C)=O,2,CC(=O)O,,4.5,16,grahite felt,Pt,1.5,60,0.19,0.86,1.714027676
123,O=Cc1ccccc1-c1cccc2ccccc12,0.2,C=CC(=O)Oc1ccccc1-c1ccccc1,0.6,O=Cc1ccccc1-c1c(/C=C/C(=O)Oc2ccccc2-c2ccccc2)ccc2ccccc12,CC(=O)[O-].CC(=O)[O-].[Pd+2],10,CC(C)(C)[C@H](N)C(=O)O,20,[Li]OC(C)=O,2,CC(=O)O,,4.5,20,grahite felt,Pt,1,60,0.55,0.97,2.772851543
124,O=Cc1ccccc1-c1cccc2ccccc12,0.2,C=CC(=O)OCC,0.6,CCOC(=O)/C=C/c1ccc2ccccc2c1-c1ccccc1C=O,CC(=O)[O-].CC(=O)[O-].[Pd+2],10,CC(C)(C)[C@H](N)C(=O)O,20,[Li]OC(C)=O,2,CC(=O)O,,4.5,16,grahite felt,Pt,1.5,60,0.55,0.96,2.578851502
125,O=Cc1ccc2ccccc2c1-c1ccccc1,0.2,C=CC(=O)OCCCC,0.6,CCCCOC(=O)/C=C/c1ccccc1-c1c(C=O)ccc2ccccc12,CC(=O)[O-].CC(=O)[O-].[Pd+2],10,CC(C)(C)[C@H](N)C(=O)O,20,[Li]OC(C)=O,2,CC(=O)O,,4.5,20,grahite felt,Pt,1.5,60,0.49,0.97,2.772851543
126,Cc1ccccc1-c1cc(F)ccc1C=O,0.2,C=CC(=O)OCCCC,0.6,CCCCOC(=O)/C=C/c1cccc(C)c1-c1cc(F)ccc1C=O,CC(=O)[O-].CC(=O)[O-].[Pd+2],10,CC(C)(C)[C@H](N)C(=O)O,20,[Li]OC(C)=O,2,CC(=O)O,,4.5,20,grahite felt,Pt,1,60,0.62,0.97,2.772851543
